tweet_id,full_text,label,topic
126534201880219648,RT @spacecanard Today's the Day. ICS &lt;3 #android #google #samsung,positive,google
126534020367519744,"The new Nexus looks good! UI feel a bit confusing but I guess Android users are ok with that! Now, try it :) #Google #android #nexusprime",positive,google
126533948925952000,Very nice trivia game by #Google. Helps you use their search better http://t.co/ikN087ZE,positive,google
126533885109600256,Very nice trivia game by #Google. Helps you use their search better http://t.co/c5Tu3dZK #fb,positive,google
126533562781544448,Cant build a website. Get a #Google website #Free ! http://t.co/7qUy4uOU,positive,google
126533349727666176,#Android ICS is looking pretty good. Not quite sure if its worth the 4.0 numbering leap. #google,positive,google
126533268119109632,@Tita_Ramos #Google it =),positive,google
126533166352699392,RT @p1j Android 4.0 Ice Cream Sandwich is Here with a Google Nexus in new Avtar!   http://t.co/MTu7tGx7   #android #google #nexus #BigMAMA,positive,google
126532897715929088,"Me too RT @MohamedG: Exciting day, It's Ice cream Sandwich day ;) #Google #Android",positive,google
126531552367751169,WOW the new #Google #Nexus is just beautiful. totally gonna boost google's market share in the smart phone market.,positive,google
126531180907601920,"hahaha integrated data usage manager... in sucha brilliant way, sleek design, superb and I'm only watching videos LOL #Google",positive,google
126530945976238080,I fancy an Ice Cream Sandwich #google #android. Wonder it will works on my HTC Desire?,positive,google
126530924576907264,"Google Ice Cream Sandwich - sounds yummy!  What do you think? http://t.co/gMsgXcq8
#google #Android #ice cream sandwich",positive,google
126530189579649024,"Exciting day, It's Ice cream Sandwich day ;) #Google #Android",positive,google
126530027939569665,Android 4.0 Ice Cream Sandwich is Here with a Google Nexus in new Avtar!   http://t.co/mSWX6Eo6   #android #google #nexus #BigMAMA,positive,google
126529770778411008,@Bla1ze I was referring to #Google & #Icecreamsandwich. It looks amazing. What imo android was missing. I ... http://t.co/rE4nLZgI,positive,google
126528982807089152,http://t.co/QV4m1Un9 Forget the phone.. Nice UI. Liking the Scroll Feature #android #google #nexus,positive,google
126528804192653312,#Google has finally unveiled the much awaited #Android OS Ice Cream Sandwich & it sure looks good! http://t.co/sNL38EM1,positive,google
126526219587039233,#RIM should really take an in debt look at #Google's strategy... They released the #NDK for #Icecreamsandwich 3 HOURS after release. #ics,positive,google
126525469897146368,RT @vattam: Man! I've fallen in love with Galaxy Nexus! #google #samsung #galaxynexus #android,positive,google
126524301259194368,"RT @Assim99: Dear #Google, I want the Galaxy Nexus NOW. Please send it to me by email or something - I know you have the technology",positive,google
126523530903953408,Sorry #Apple #Google and #Samsung just made you look bad. #Android is king,positive,google
126522990585315328,#Facebook power users 'have gone to #Google+ and #Twitter' - Telegraph http://t.co/vwCiOv1f Who are they? #socialmedia,positive,google
126522810821644288,"Not impressed much with the new Android update. But good signs: a readable font, emphasis on design, and less nerdiness. #google",positive,google
126522714713370624,"Video: #Google wallet, see the wow effect http://t.co/mcW78VtG",positive,google
126522621251682304,When I'm about to tweet something and I cant remember how to spell I go straight to #Google,positive,google
126522262768726016,"Dear #Google, I want the Galaxy Nexus NOW. Please send it to me by email or something - I know you have the technology",positive,google
126521286053724160,#GOOGLE #ANDROID 4.0 out ;-) Available with #SAMSUNG nexus!,positive,google
126520029410885632,"Maybe not the most efficient way to browse, but fun: #Google releases an Infinite Digital Bookcase http://t.co/X1qzeX7f by @MeghanKel",positive,google
126519483752914944,@jowyang it's difficult to pass up #google+ considering the social seo benefits of google+ vs facebook,positive,google
126519329025040384,Ice Cream Sandwich to stop carriers bullying smartphone users #google #android http://t.co/BZNy74Nn,positive,google
126519123772588032,"I agree with @wellis68 that the ""Hangouts"" on #Google+ are friggin' awesome!”",positive,google
126518882939838464,#google #galaxynexus #icecream great,positive,google
126516779886456832,Google Earth Helps Locate Salmonella Hotspots http://t.co/mcz9RSDf #google,positive,google
126515760855134208,#samsung galaxy nexus = orbital laser. #apple iphone 4s = wooden stick #google,positive,google
126513620686352384,Ice Cream Sandwich u r really delicious Can ditch iPhone for u that's for sure. #Google launches #Android4 aka #IceCreamSandwich :),positive,google
126513526385819648,#google+ (: lovin it,positive,google
126513425043030016,"""Samsung and Google have closely collaborated to push the mobile experience forward. We are pleased to ... http://t.co/ecT8fYIA #Google+",positive,google
126512728297844736,RT @RoycinD: FINALLY ! Power + Volume = Screenshot. No more rooting required! #Google #ICS #galaxynexus,positive,google
126512631937904640,I want the new #google #galaxynexus. Android 4.0 is going to be the fucks,positive,google
126512208451600384,#Google #Nexus press conference http://t.co/2WV01o5v #slick,positive,google
126511545160171520,S/O to #google for getting me through high school and college....you are appreciated,positive,google
126511426926944256,iScream u scream v all scream #android #IceCreamSandwich. A job well done by #google and a major game changer in the #mobile #OS space,positive,google
126510977335300096,@VentureBeat I like the #google virtual bookcase thank you for sharing,positive,google
126509929619132417,"#Android #Google Ice Cream Sandwich Feature Closer Look - Roboto Type Face Is ""A Pleasure"" To Read http://t.co/DJsp2G5B #DhilipSiva",positive,google
126509528287166464,Fantastic work from #Samsung and #Google on the #GalaxyNexus superphone and the new #Android #ICS. Very impressive.,positive,google
126507456019968000,i love #google,positive,google
126507105023819776,#Google is the best invention ever!!,positive,google
126506410195431424,"i need a hookup, stop teasing me #google http://t.co/07YR58wL i want the new #nexus",positive,google
126506064387637249,"well.....#google's #icecreamsandwich and new accompanying phone are, as usual, neat, but nothing ground-breaking",positive,google
126505384428052481,#Android #Google Device Frame Generator Updated For Galaxy Nexus - Your Screenshots Just Got Prettier http://t.co/9bWt2W6z #DhilipSiva,positive,google
126505187752943616,"Mmm... #SmarterPhone RT @Android: Introducing Ice Cream Sandwich, the delicious new version of Android: http://t.co/AXl2K1Gs #ICS #google",positive,google
126505144878772224,So so excited for all of the new Android features! Awesomeness :) #Android #ICS #Google #GalaxyNexus,positive,google
126504782465732608,#IceCreamSandwich went way and beyond what I expected. Can't wait to get it on my Nexus to play with! #Google,positive,google
126504452680187905,"Check this video out -- Introducing Galaxy Nexus. Simple, beautiful, beyond smart http://t.co/fiTI6ZIA 透過 @youtube #android #nexus #google",positive,google
126504346639802368,"Cream on the inside, clean on the outside. Ice Cream phone job. #Google",positive,google
126504013939216384,RT @Mr_Lister: Loves the new presentations tool for Google Docs - particularly themes and adding video via URL #google #sd33 #edchat #ed ...,positive,google
126503805369069568,#Google's like my wife - searches things for me and completes my sentences.,positive,google
126503790412181504,"#Android 4.0 Ice Cream: Introducing Galaxy Nexus. Simple, beautiful, beyond smart http://t.co/vUWgyx3N #Google",positive,google
126503029548654593,http://t.co/Izh7KaiU #google #nexus #prime &lt;3 #android,positive,google
126502415322193920,Interesting bookcase..RT @VentureBeat: #Google releases an Infinite Digital Bookcase http://t.co/urxJixCe by @MeghanKel,positive,google
126502014560649216,#google is my bff rite about now!,positive,google
126501468902658048,Good to see #Google finally turning their focus on user experience. http://t.co/AYhOKgo8 #IceCreamSandwich #Android,positive,google
126500614552289282,"ICS looks awesome, please let me have it on my phone!  #android #google #motorola",positive,google
126499965869625345,Iphone 4s almost had me ... ALMOST !! Ice Cream Sandwich FTW !! http://t.co/p32Ehduq #android #google,positive,google
126499428965158912,There you go - according to http://t.co/4Y8aS4zz #Google+ is builtin to the OS/Nexus line? Smart move :),positive,google
126499143282737152,I just add my profile on the #Google+ WebGL Globe project. Add yours ! http://t.co/UWeYalKb via @AddThis,positive,google
126498734409396224,Thanks Android for admitting you're ugly. New font is a good start! #ics #google,positive,google
126498587499696128,I'm so ready for Ice Cream Sandwich! #ICS #Nexus #Google #Android #SiriWho? http://t.co/Cjonncvk @GetGlue #Android,positive,google
126497860752646146,"Just seen a taste of #Google's ice cream sandwich, now I want a bite",positive,google
126497655785402368,Probably the best #IceCreamSandwich (yet)! #Samsung and #Google's event live blog by @engadget! Why haven't I switched to #Android again?,positive,google
126496739531304960,"Instant photo sharing and the people app are what's best in Ice Cream Sandwich, IMO. #google #ics",positive,google
126496342901133313,The new android #Nexus phone makes the #iPhone look like a cheap toy at dollar store! #tcot #android #google #RealEstate @Burkepatch,positive,google
126496262668292096,Sweet Ice Cream Sandwich RT @Pocketlint Google Android 4.0 Ice Cream Sandwich officially detailed #google #ics http://t.co/iUY0DF5S,positive,google
126496155856142336,"""@SamsungMobileCA: Raise your hand if you now want an #Android4 #IceCreamSandwich powered #GALAXYNexus phone! #Google #Samsung""-I do!",positive,google
126495843116265475,The new Google Nexus page is live! - http://t.co/zrqoeWxI #nexus #google #android #icecreamsandwich,positive,google
126495283176685569,Are you using #Google+ and #Linkedin yet? These are essential tools to get your company and/or you on the FIRST page of Google. Contact...,positive,google
126494976396898305,"RT @SebasCoulombe: Thanks to Samsung and Google, I'm now craving for some Ice Cream Sandwich !  #IceCreamSandwich #Google #Samsung",positive,google
126494883367235585,"Introducing Galaxy Nexus. Simple, beautiful, beyond smart http://t.co/qaMj3MeR #android #ICS #google #samsung",positive,google
126494838689513473,So glad #Google adopted a design philosophy for #Android 4.0 a.k.a It shows soooo much! This is the polish I've been waiting for!,positive,google
126494645281755136,Thoughts on Android 4.0 #ICS? Excited to play with the new features. #android #google,positive,google
126494442290020352,Wow! RT @dalmaer: WebGL infinite bookcase UI http://t.co/aijYsfHO #google,positive,google
126494339248562176,"Thanks to Samsung and Google, I'm now craving for some Ice Cream Sandwich !  #IceCreamSandwich #Google #Samsung",positive,google
126494221879357440,"Google ICS looks awesome, can't wait til it gets ported over to my evo, face unlock?! ... #android #google",positive,google
126493889761787904,@jessecablek I want it too. Now just wondering who will be carrying it in November. Or direct purchase from #google / #samsung,positive,google
126493850914131968,#Google's #Nexus really i wanna it now #Awesome,positive,google
126493722916560896,"Well the event is now over, time to change my pants #Google #Android #Samsung #Jizz",positive,google
126493648757071873,"I'm an iOs user but the #ICS is awesome, great job #google",positive,google
126493639605092352,Oh yeah I'm in I want one now #Google really did a great job #ICS,positive,google
126493538945994752,"@BrandonMiniman @Jaime_Rivera I'm an iOs user but the #ICS is awesome, great job #google",positive,google
126493495933403136,#google + #motorola + #verizon = perfect combination! &lt;3,positive,google
126493472931844096,Loved the introduction of the Google Galaxy Nexus & Ice Cream Sandwich. Really looking forward to my new phone #android #ics #nexus #google,positive,google
126493371790397440,#android 4.0!!  Ice Cream Sandwich will now make all other smartphone operating systems look outdated.  #Androidbeam Wowww..  #google,positive,google
126493365775777792,Galaxy Nexus = #Google #Android #Samsung - the dream team! :) http://t.co/R5juJSBr,positive,google
126493265661919232,yumyumyum...I want Ice Cream Sandwich... #google #android,positive,google
126493141271449600,RT @SamsungMobileCA: Raise your hand if you now want an #Android4 #IceCreamSandwich powered #GALAXYNexus phone! #Google #Samsung,positive,google
126493101807239168,All this talk about about how good #icecreamsandwich looks is making me hungry #google #omnomnomnom,positive,google
126492983968268289,"#Google / #Samsung #Galaxy #Nexus #ICS press release is now done, I'll go back to my regular tweeting intervals now :) I WANT IT!",positive,google
126492981460082688,Raise your hand if you now want an #Android4 #IceCreamSandwich powered #GALAXYNexus phone! #Google #Samsung,positive,google
126492656124702721,What I think about #AndroidIceCreamSandwich ? Thats the most delicious piece of sandwich ever. Get me it real fast #GOOGLE !,positive,google
126492595500236800,Pretty big deal from #Samsung and #Google def can't wait to get my hands on the #GalaxyNexus and #ICS,positive,google
126492495394775043,I cannot wait for a new #ICS phone!!! #Google #android,positive,google
126492415749128192,RT @eboyee: Dostupan SDK - WOW R.E.S.P.E.C.T. #Google #IceCreamSandwich,positive,google
126492266016673794,Dostupan SDK - WOW R.E.S.P.E.C.T. #Google #IceCreamSandwich,positive,google
126492242373386240,The new #Samsungnexus and 4.0 OS make the #iPhone4s look like an old bag phone. Nice job #Google and #Samsung.,positive,google
126492101549621249,Calling all #marketing executives in #houston - sign up for #google #training - http://t.co/vo542MrZ - I can't wait to be there for the week,positive,google
126492040954527744,"Android Beam - sharing contacts, articles, files, and games, pretty cool #Google #ICS",positive,google
126492009748889600,"Slick beam capabilities included in Android 4.0. Touch 2 devices together and select ""Beam"" and content is transferred #Google #Android #ICS",positive,google
126491707247300608,"really digging the #UI of of ""#Quick #Response"" from #Google android great for politely declining calls lol",positive,google
126491689396338688,goodbye Bump ... #Google #ICS,positive,google
126491420260442112,People App in #ICS looks promising! As usual #Google is good at integrating different apps and make it a total new user experience!,positive,google
126491304036278272,"On a positive note, advanced control of your data usage is a really great idea ;) #google #nexus",positive,google
126491109982613505,#google #icecreamsandwich totally blowing #Apple iShit away...,positive,google
126491084854530049,I love Ice Cream Sandwich :) #Android #Google #Samsung,positive,google
126490970803027969,"Great, live contact management, quick contact card, add people directly to.your home screen #Android4.0 #Google",positive,google
126490696214511616,#Google has done it again ..... #IceCream Sandwich,positive,google
126490548306579457,New contact app builds on a magazine style layout and aggregates contact info from multiple sources. Very slick. #Google #Android #ICS,positive,google
126490282878443520,Nexus Prime looks NICE. #google #android,positive,google
126490137944268800,New Galaxy Nexus: Video looks awesome! #nexus #samsung #google #android bit.ly/nEJbyE,positive,google
126489924596793345,"Infinite Spiral Bookcase for #Google Books looks amazing, interested to see where it is headed: http://t.co/RXWD6sN8",positive,google
126489848004608000,New Galaxy Nexus: App Improvements -  Inbuilt Panoramic Pictures #nexus #samsung #google #android bit.ly/nEJbyE,positive,google
126489841096597504,"With the new #Google #Android 4.0 Ice-Cream Sandwich, you can take Panorama picture right Out-of-the-Box... SWEET!",positive,google
126489671730597888,Camera app now has Panorama capabilities! #Google #Android #ICS,positive,google
126489564415131649,Sounds tasty. :-P RT @mensacats: #Google Launches #Android Ice Cream Sandwich OS: http://t.co/Fj0BiiR8,positive,google
126489424807735296,I want some of these #google toys,positive,google
126489397507014656,Good god the camera app in Icecream Sandwich is amazing.. and that camera is FAST!  #samsung #google #android #galaxyNexus,positive,google
126489393526616064,Better gallery app to be included with Android 4.0 as well. #Google #Android #ICS,positive,google
126489200567664640,Android 4.0 FINALLY includes photo editing tools. #Google #Android #ICS,positive,google
126489182263721984,New Galaxy Nexus: OS /Hardware Improvements -  Camera Zero Shutter Lag #nexus #samsung #google #android bit.ly/nEJbyE,positive,google
126489085102661632,Data Usage feature looks amazing and useful! #Google #GalaxyNexus,positive,google
126489066077302784,"Wow, very fast camera on Galaxy Nexus - faster than N9 i think :o #google",positive,google
126488933772169216,"RT @Mrgareth: ""Top Three 'playing nice' scores were #Google, #Salesforce and #Xero"" in @itnews_au ""Which #Clouds Play Nice"" report: http ...",positive,google
126488863374983168,"The new camera app along with the ""zero delay"" camera on the Galaxy Nexus is very nice! #Google #Android #ICS",positive,google
126488589046517760,"Unbelievable Data Usage info on Ice Cream Sandwich

#icecreamsandwich #googland #google #android #ics",positive,google
126488572772622336,Data usage in ICS.. Looks like I don't need Watchdog 3G Pro anymore.. hah! #Android #ICS #Google,positive,google
126488519265894400,This Data Usage feature looks amazing on ICS. #android #samsung #google #GALAXYNexus,positive,google
126488454921068544,Icecream Sandwich looking good so far. #android #google,positive,google
126488304341360640,New Galaxy Nexus: OS Improvements -  Data Usage tools inbuilt #nexus #samsung #google #android bit.ly/nEJbyE,positive,google
126488294325370880,#Google #Android Icecream Sandwich OS for Nexus Prime Released! [LIVE BLOG] | http://t.co/LF03ZKUz #technology #hk,positive,google
126488282862338049,"I love the messages and emails on display at the ice cream sandwich event..""Peanuts are neither peas nor nuts. Discuss"" #samsung #google",positive,google
126488249739915264,what i love about #GOOGLE it always shows me that am not the only retarded person on this planet when am searching for stupid things :D,positive,google
126488202935664640,RT @SamsungMobileCA: #GALAXYNexus has arrived! #Samsung #Google,positive,google
126488018616987648,New calendar app with pinch to zoom capabilities. Far superior to the current one! #Google #Android #ICS,positive,google
126487844830191617,New Galaxy Nexus: App Improvements - Gmail  offline search of last 30 days  #nexus #samsung #google #android bit.ly/nEJbyE,positive,google
126487738684948480,"#WOW, the new #Android and #AndroidBrwoser are AWSOME, congratulation #Google and #Samsung, MAYBE better than iOS 5",positive,google
126487523366150144,I love how it syncs your #Chrome bookmarks with your phone! #icecreamsandwich #google,positive,google
126487508589621248,Thank god Gmail app has been redesigned under Android 4.0. Conversations automatically expanded. #Google #Android #ICS,positive,google
126487153655029760,Watching the Android announcement from Google and Samsung. IceCream Sandwich looks really interesting. http://t.co/oeZK9iV1 #google #android,positive,google
126486332104130561,Inline keyboard spell check is nice #ICS with native voice dictation. #Android #Google,positive,google
126486322675318784,I can't wait to get the new #Galaxy #Nexus with #IceCreamSandwich... best yet it supports my #Google Wallet http://t.co/bqMuHxkK via @cnet,positive,google
126485171280166913,ICS on the Galaxy Nexus has very smooth and responsive screen and widget navigation. #Google #Android #ICS,positive,google
126484977176158208,New Galaxy Nexus: OS Improvements -  Built on Ice Cream Sandwich version of Android #nexus #samsung #google #android bit.ly/nEJbyE,positive,google
126484769285480448,New Galaxy Nexus: OS Improvements -  Stacks & Scrolling introduced for widgets  for richer content #samsung #google #android bit.ly/nEJbyE,positive,google
126484631389356032,Updated live wallpaper. Virtual buttons that disappear when you are in full screen mode. More awesome widgets. #Android #Google,positive,google
126534476875567104,There are too many #google services that do not work when you are a #googleapps user. #googleplus above all + profiles + #plusone,negative,google
126527166195314688,Did #Google really just highlight a new font #Roboto as part of their #ICS announcement for #Android...?! Seriously.,negative,google
126526648928579584,RT @businessuplift: Why #facebook and #google have got it wrong http://t.co/PDbF7H3f,negative,google
126520550876127232,#google+ is really confusing..,negative,google
126520337289580544,"is mulling #google+ but hmmm, just aint shore bout nuther social media profile.",negative,google
126518920122335233,ATHEN's review of #Google Docs #accessibility shows a lot of work needs to be done. http://t.co/rad9WdSw #a11y HT @chadleaman,negative,google
126517970179600385,Gonna dump one of my gmail accounts. not only do I get tons of spam I get tons of false positives. Not cool. #Google,negative,google
126517608697708545,The awkward moment when google #chrome take a hell of a lot time to load #googleplus #google,negative,google
126516408317251585,Why Google+ Has Uphill Battle Vs. Facebook: Sean Parker http://t.co/L8RSX1Yf #google,negative,google
126515697181409280,Lecture Notes in Financial Economics pdf ebook:  http://t.co/7gJQvEwN #google,negative,google
126514511862706176,I hate tron theme #Google #ICS,negative,google
126507644742672384,"Now, really #google how hypocritical is this? http://t.co/6nHuYFeh #analytics",negative,google
126502732369629184,"#ICS introduces Facial recognition to unlock phone, however - the demo didn't go as planned.http://engt.co/q2KeC7 #Google Goof up! #Android",negative,google
126502274204831744,"Ice cream sandwich, really #google?",negative,google
126501869920075776,@kursed #Google is terrible at presentations. Hated the terrible camera interference from the huge screen behind the speakers. #headache,negative,google
126499555742203904,just watched the #GalaxyNexus announcement by #Google and #Samsung.. The only thing keeping me from buying? It's only on #Verizon. #FAIL,negative,google
126494402381225984,+1 RT @SHlFT: dear #google & #samsung... learn some presentation 101 first. please.,negative,google
126494303173361664,+1 RT @tah_med: the background is SO horrible for this stream #Samsung #Google #NexusPrime they should've seen what #Adobe did at #AdobeMAX,negative,google
126493910037037058,Not greatly impressed with #Google and #Samsung presentation skills.,negative,google
126493616519647232,"Android ice-cream sandwich's ""Face Unlock"" fails to perform recognition when demo'ed on stage :D
#google #Nexus http://t.co/CSAeFRHc",negative,google
126493030185316352,"good job, #google.  did anyone get when any of this shit is actually shipping? #infofail",negative,google
126492741764005890,We need dates! #google #samsung #launchfail,negative,google
126492244151771137,"Also, the #Google problem. @chucktodd: Problem for Santorum's electability argument: the double-digit loss in 2006",negative,google
126491776482689024,Too bad #google didn't have a tribute graphic for #DennisRitchie.,negative,google
126490477288636416,first thing on #google's to do list: hire a performance coach.,negative,google
126489936944832512,"#Samsung, #Google Unveil Phone http://t.co/hOB37hbO",negative,google
126488700975726593,Why is #Google whoring for SAMSUNG? #ICS,negative,google
126487669533442048,"If #Google don't fix pinch-zoom on #Android 2.3.6 soon, I might have to leave the fold and go #CyanogenMod",negative,google
126487604035198976,facial recognition failed #IceCreamSandwich jajajajajajaj #FacialUnlock #samsumg #Google,negative,google
126486838549557248,RT @RoycinD: Face Unlock ! #ICS Literally knows your face! #Google #galaxynexus FAILED !,negative,google
126486654830645249,#fail on the face recognition not working #google #samsung,negative,google
126486634458914816,The face recognition unlock would be cool if it works. #android #google #icecreamsandwich,negative,google
126535080557551616,On Google+ then go here http://t.co/oTBwkxo9 #GPlus #Googleplus #Google #teamfollowback #socialnetwork,neutral,google
126535043588964352,Who else is on g+ ? Add for add? Let me know.  #TFB #TAF #google+,neutral,google
126535016049160192,Have anyone of you found a Twitter to Google+ tool? #Google #Twitter,neutral,google
126534917290070016,#Google unveils next iteration of #Android - #icecreamsandwich - with several revamps incl facial recognition security http://t.co/xMrZVkav,neutral,google
126534362148782080,"Google Offers to compete with Groupon, Living Social - Pittsburgh Post-Gazette http://t.co/Wwj3xvdm #google",neutral,google
126534083797987328,"Samsung Galaxy Nexus, Android Ice Cream Sandwich unveiled http://t.co/wWrYcM04 #android #google #samsung",neutral,google
126534080627093504,http://t.co/e5ClGzsI #google,neutral,google
126533944832311298,#Google #Ice Cream Sandwich (#Android 4.0): a hands-on ##screenshot #gallery http://t.co/bpZRz337,neutral,google
126533740628422656,Now it's time for some Ice Cream Sandwich! #Samsung launched it's latest Android Galaxy Nexus phone powered by #Google,neutral,google
126533730671149056,in the theater .. there are are a good 300 ppl here. #guae #google #dubai http://t.co/OjykYcfo,neutral,google
126533567311392769,#Android #Google Samsung Galaxy Nexus official hands-on [Video] http://t.co/6GX3R9MT #DhilipSiva,neutral,google
126533547803680770,RT @NeowinFeed: Android 4.0 Ice Cream Sandwich announcement round-up #android #google http://t.co/L5m9uwD7 #neowin,neutral,google
126533491495157760,RT @iPadPowerUsers On Google+ then go here http://t.co/1OGs2xA9 #GPlus #Googleplus #Google #teamfollowback #socialnetwork,neutral,google
126533487590248448,Did #Facebook Just Beat #Google At Its Own Game? http://t.co/SiJsB3ME #socialmedia,neutral,google
126533485837037568,Did #Facebook Just Beat #Google At Its Own Game? http://t.co/xVonCBeb #socialmedia,neutral,google
126532820507176960,#Google Says ICS Is Coming To The #Nexus S And “Theoretically” Should Work With 2.3 Devices http://t.co/TY0HDQAm,neutral,google
126532798994583552,Unwrapping Ice Cream Sandwich on the Galaxy Nexus http://t.co/pw4mfbSe #Google,neutral,google
126532569259970560,Bitch please your vagina has been used more than #google .,neutral,google
126532361587396610,#Google #IceCreamSandwich Debuts as IPhone Sets Record: Tech. http://t.co/TrENUYF4,neutral,google
126532178082410496,#Google search to have default encryption http://t.co/rwgKPbGu,neutral,google
126532141302558720,#google- http://t.co/Hkk3qMMe,neutral,google
126532121773883392,Google Defaults to Encrypted HTTPS Searches for Logged In Users #Google http://t.co/6yFZvoxS,neutral,google
126532064823619584,#Samsung & #Google unveil latest #Android #phone using #IceCreamSandwich http://t.co/eHoeBMDW,neutral,google
126531814071336960,#Android #Google Android 4.0 Ice Cream Sandwich SDK now Available for Download http://t.co/Fue4VXxe #DhilipSiva,neutral,google
126531693522857984,GMusic Unites #Google #Music with #Apple iOS [#Apps] http://t.co/R0ih6ePa #republished,neutral,google
126531561691693056,On Google+ then go here http://t.co/SxmLkaRR #GPlus #Googleplus #Google #teamfollowback #socialnetwork,neutral,google
126531556255870976,"RT @Infograhpic: The Perks of Working at #Google, #Facebook, #Twitter and More [INFOGRAPHIC] http://t.c...  @MediaTip",neutral,google
126531542733430784,"#Android #Google Ice Cream Sandwich Is Finally Official, And Here's What To Expect http://t.co/Wxhb8JXO #DhilipSiva",neutral,google
126531524945395713,Empire Avenue. The Social Stock Market. What Is Your Online Activity Worth? http://t.co/AKlnmKAi #twitter #facebook #Google+ #socialmedia,neutral,google
126531522487533568,RT @NeowinFeed: Google shows off new Ice Cream Sandwich features #google #android http://t.co/LlJpGM2a #neowin,neutral,google
126531297249202176,"The Perks of Working at #Google, #Facebook, #Twitter and More [INFOGRAPHIC] http://t.co/YT87krbP #sm #socialmedia... http://t.co/1yCwl874",neutral,google
126531285475799040,#Google To Begin #Encrypting Searches & Outbound Clicks By Default With SSL Search - http://t.co/vc573Pte,neutral,google
126530795987939328,"#seo #serps Ballmer: 70% Of The Time, Google & Bing Are The Same, So Try Bing! by @dannysullivan http://t.co/ZE9AiMYI #google #yahoo #bing",neutral,google
126530766829129728,Unwrapping Ice Cream Sandwich on the Galaxy Nexus: (Cross-posted on the Official Google blog)Bea... http://t.co/K10SvnNr #google #mobile,neutral,google
126530553477468160,G#Music Unites #Google Music with #Apple iOS [#Apps] http://t.co/3ze3feV4,neutral,google
126530550394650625,"The Perks of Working at #Google, #Facebook, #Twitter and More [INFOGRAPHIC] http://t.co/0KcgbMWF #sm #socialmedia #redessociales",neutral,google
126530532640169986,#Twitter and #Google 'just can't agree' on Realtime Search deal - Computerworld : http://t.co/XNj052NO #av,neutral,google
126530487840813056,Google To Begin Encrypting Searches & Outbound Clicks By Default With SSL Search http://t.co/C0Ykfjla #google #search,neutral,google
126530423026233346,"Who are the top folks on #Google+? See this tag cloud: http://t.co/rp7LSoEE via
@jowyang",neutral,google
126529904731881472,#Google unveils what's new in #Android 4 'Ice Cream Sandwich' http://t.co/uOLAYieA,neutral,google
126529492582797313,Is #Google #Flight Search a threat to the OTA and #travel #Meta #Search #market in India? Check- http://t.co/RuhglJMt #News,neutral,google
126529490737303552,"@attentionspan i don't think the link you posted suggests that #google+ traffic is in downward spiral, just corrected for novelty",neutral,google
126529468981452800,#ThatsDisrespectful Like using #Google to search for #Bing,neutral,google
126529403067969537,"#Samsung Galaxy Nexus #smartphone, Android 4.0 Ice Cream Sandwich unveiled by #Google… http://t.co/nds5B4ej #BT",neutral,google
126529224642281472,Galaxy Nexus Vs iPhone 4S: Which smartphone wins? http://t.co/bF6QUCwt via @productreviews #galaxynexus #iphone4s #google #apple #ics,neutral,google
126529019284946944,Android Ice Cream Sandwich and Galaxy Nexus: Everything You Need to Know - http://t.co/MSqsVMDK #google,neutral,google
126528767228248064,New #Google #Nexus -&gt; http://t.co/qR1eijhw,neutral,google
126528551766867968,"#Google Docs #Updates Presentations With Real-Time #Collaboration, New Themes, Transitions and More [Updates] http://t.co/JWSPetbd",neutral,google
126528448050118656,Google Adsense Tools http://t.co/2IjBZdvn #Adsense #Google #Tools,neutral,google
126528318542589952,"RT @LocalJoost: #ICS"" putting people at the heart""? You have GOT to be joking #Google. Now even copying slogans? Ah I get it, THOSE are  ...",neutral,google
126528316978102272,"Extra care. ""@TheGoogleGeek: Google Encrypted Search for Logged-in Users http://t.co/jgwIs30e #google""",neutral,google
126528307004051458,"#Google #Docs presentations get real-time collaboration, transition effects and more: Google… http://t.co/COSF8WUS",neutral,google
126528290352660480,Online Music Industry is witnessing the astounding revolution. Can #Google manage to seal the supreme console? http://t.co/QcDddYrn,neutral,google
126528288729473024,Online Music Industry is witnessing the astounding revolution. Can #Google manage to seal the supreme console? http://t.co/iUi7JtCM,neutral,google
126528287831891968,On Google+ then go here http://t.co/63B8wYPw #GPlus #Googleplus #Google #teamfollowback #socialnetwork,neutral,google
126528286871396352,Online Music Industry is witnessing the astounding revolution. Can #Google manage to seal the supreme console? http://t.co/Jrc4qstJ,neutral,google
126528248329940992,"Your face unlocks the phone, as facial recognition replaces a traditional pass code. #Google Nexus Prime smartphone",neutral,google
126528157573578754,Android 4.0 Ice Cream Sandwich announcement round-up #android #google http://t.co/ExcNswwx,neutral,google
126527897065373696,"#Android: This Is the #Samsung Galaxy Nexus, #Google's New Official Android Phone(via @Gizmodo) - The... http://t.co/wS4GS9uk",neutral,google
126527760662413312,Android 4.0 Ice Cream Sandwich announcement round-up #android #google http://t.co/3SvjOtjT,neutral,google
126527756036091904,Android 4.0 Ice Cream Sandwich announcement round-up #android #google http://t.co/L5m9uwD7 #neowin,neutral,google
126527523529043968,#Android #Google The Galaxy Nexus' System Apps Have Been Dumped http://t.co/LCZNPDHR #DhilipSiva,neutral,google
126527262190346240,"#Google has made search more #secure, this change #encrypts your search queries and Google's result pages.  Read more: http://t.co/Rnnjwo6r",neutral,google
126527122218041345,Android 4.0 OS Ice Cream Sandwich and the Galaxy Nexus is out.seems that smartphones are named by hungry developers  #Google+,neutral,google
126526945008689152,"RT @whymicrosoft: Google’s Ad revenue for Q3 was 96% of total revenue. So, are #Google customers the commodity being sold to advertisers???",neutral,google
126526850452299776,Ice Cream Sandwich arrives http://t.co/Z4j7WhmS #google #icecream #android #samsung,neutral,google
126526793380409344,Is Google planning to launch its own iTunes rival? - The Times of India http://t.co/1x73o5Yz #google,neutral,google
126526782001262592,"#Android #Google We saw Ice Cream Sandwich on a Phone, but What About a Tablet? http://t.co/6McjpONv #DhilipSiva",neutral,google
126526457974489088,Going in with #mikedunn one of the #chosenfewdjs all in with #chicago #housemusic! Might want to #google him!,neutral,google
126526371785752576,#Google releases 50 new features for presentations in #GoogleDocs http://t.co/0x6crRao,neutral,google
126525872915226624,"Ballmer: 70% Of The Time, #Google & #Bing Are The Same, So Try Bing!: http://t.co/rA5PgOsD",neutral,google
126525730526998528,Recap: Google will host G-South Africa in JHB on 3rd and 4th November. http://t.co/A88ZBr2O #google,neutral,google
126525539442892800,"Believe it or not #political process is changing across all countries. Thanks to new social media #Facebook , #twitter, #google+",neutral,google
126525506018492416,#Google #Ice Cream Sandwich (#Android 4.0): a #hands_on #screenshot #gallery http://t.co/61bZRSWI via @engadget,neutral,google
126525491954987008,Logitech Revue Companion Box with Google TV and Keyboard Controller by #Logitech #Google #TVBox via #amazon http://t.co/NkPjGP3W,neutral,google
126525210483638272,"If you need to modify your payment details that are on your phone for the Android Market, go here: http://t.co/z4gS3PxC #Google",neutral,google
126525169756946432,#SEO #backlinks #google #index Free Tool http://t.co/1tTp1axq,neutral,google
126525031135195136,"Samsung Galaxy Nexus, Google Android 4.0 Live Blog : http://t.co/wwSYXAbn #android #google #mobile #news",neutral,google
126525007525462016,"#Android #Google Ice Cream Sandwich Feature Closer Look - Resizable Widgets, Folders, Multitasking, And... http://t.co/CQCaWORD #DhilipSiva",neutral,google
126524784120037376,#Google #Android #IceCreamSandwich features - http://t.co/qXFdDrt4. #ICS,neutral,google
126524764071264257,On Google+ then go here http://t.co/RCSwZlxK #GPlus #Googleplus #Google #teamfollowback #socialnetwork,neutral,google
126524648874717184,"#ICS"" putting people at the heart""? You have GOT to be joking #Google. Now even copying slogans? Ah I get it, THOSE are not patented ;)",neutral,google
126524242635403264,"#Google and #Samsung unveil #Galaxy #Nexus, #Android 4 at event: http://t.co/oTqfW9XQ | #CTIA #Hong #Kong #conference #environments",neutral,google
126524003266473984,What Is Ice Cream Sandwich? - http://t.co/otA4rqi9 #Google,neutral,google
126523435772948480,RT @iPadPowerUsers On Google+ then go here http://t.co/r4bIDq9D #GPlus #Googleplus #Google #teamfollowback #socialnetwork,neutral,google
126523421231300608,@loribooLIVE like Manny from degrassi (: #google her !,neutral,google
126523245649342464,And here's the run-down on #Android4.0 aka #IceCreamSandwich http://t.co/f1V3HJAe #google,neutral,google
126522997522702336,Here's what we know about the #GalaxyNexus http://t.co/7bYXbQVY #google #android,neutral,google
126522979080339456,Tips to make #Google always #crawl your #website http://t.co/SVYSckH7,neutral,google
126522853779705856,RT @xenophin: #Samsung and #Google's Ice Cream Sandwich event is at 3am UK time.    Waking up to a lot of news then ... #nonUSAtimezonel ...,neutral,google
126522802466598912,wait.... since when does putting honeycomb and gingerbread together make ice cream sandwich? #google ...,neutral,google
126522667703599104,#Android #Google Samsung Galaxy Nexus Coming Soon To Three UK http://t.co/FQbfdiYE #DhilipSiva,neutral,google
126522664939565057,"#Android #Google Nexus S Getting Ice Cream Sandwich, OS “Theoretically” Should Work on Any Android... http://t.co/kqBWWiyd #DhilipSiva",neutral,google
126522423771267072,"@Wilko_LR  ""Google to launch iTunes AND Spotify rival? http://t.co/SralgsCi” need to start using #google+",neutral,google
126522225674301440,#Google to stop giving referral data - by moving to #SSL? http://t.co/wTjiX29b,neutral,google
126521973672120320,How to use Google Alerts to... http://t.co/crMAaAGQ #seo #search #google #hack #sem #it #business #web #marketing #online #yes #hot #winning,neutral,google
126521582809128961,"“@rianru: #Google представит новую версию #Android 4.0 http://t.co/ttgycujs”

#Vfacebook",neutral,google
126521489116766208,On Google+ then go here http://t.co/XP4apWAH #GPlus #Googleplus #Google #teamfollowback #socialnetwork,neutral,google
126521228524658688,#Google #NexusPrime Spec sheet: http://t.co/iuYKWVRQ #Android #Mobile,neutral,google
126521130197585920,Why not send a Google card this Christmas? http://t.co/zSfuV48d #xmas #google #squidoo,neutral,google
126521102783619072,#Google and #Samsung reveal the #NexusPrime running the #IceCreamSandwich...#Mobile #Android,neutral,google
126520984122572801,"#Google confirms #Nexus S will get #Ice_Cream_Sandwich -- for real this time (#Gingerbread devices, too) http://t.co/4x69YDfE",neutral,google
126520920352358401,"#Samsung, #Google Android 4 reveal: Live Event Blog by #engadet http://t.co/DL68lKQU",neutral,google
126520707969581056,#Android #Google Ice Cream Sandwich new features not mentioned during webcast http://t.co/m2UGgiev #DhilipSiva,neutral,google
126520695218913282,#Android #Google Ice Cream Sandwich UI enhancements – a new spin on Android http://t.co/DAPpm4av #DhilipSiva,neutral,google
126520611190218752,Ice Cream Sandwitch comes alive today #android #google,neutral,google
126520531934654465,"RT @tatn: #Google, #Samsung unveil Ice Cream Sandwich-powered Galaxy Nexus http://t.co/qtiCdIvd via @CNET #Android",neutral,google
126520511483219968,"#Android #Google Texas Instruments: “It’s Not the Number of Cores, It’s Sophistication” http://t.co/aXDKhkb0 #DhilipSiva",neutral,google
126520508903718912,#Android #Google Android Beam finally makes NFC social http://t.co/P9PMpCFl #DhilipSiva,neutral,google
126520504822661120,#Android #Google Texas Instruments confirms Galaxy Nexus has newer OMAP4460 processor http://t.co/sh316tBN #DhilipSiva,neutral,google
126520501442056193,The competition: #Google introduces #Android 4.0 Ice Cream Sandwich and the Galaxy Nexus http://t.co/4vGGHF43,neutral,google
126520500246687745,#Android #Google Video: Google’s Nexus site updated with new device and ICS features http://t.co/rZBmyLTV #DhilipSiva,neutral,google
126520116795015169,I would also like ice Cream Sandwich on my phone #google #android http://t.co/uTHuUECJ,neutral,google
126520107089395712,#google Unwrapping Ice Cream Sandwich on the Galaxy Nexus http://t.co/YLRL4lZy,neutral,google
126520074717765632,RT @raovallab: How #Google Ventures Chooses Which #Startups Get Its $200 Million http://t.co/UGsBdxQm via @mashbusiness @mashable,neutral,google
126520020871294977,RT @stuartmiles: http://t.co/hM2x3yim via @pocketlint #moto #google #android,neutral,google
126519912821825538,RT @AndroidTopNews: Nexus Prime rumored to be released on Nov. 3 http://t.co/77HbvLjI #News #google #Ice_Cream_Sandwich #ics #Nexus_Prime,neutral,google
126519469500669952,Samsung Galaxy Nexus & Android 4.0 Quick Specs - http://t.co/s1QfUznv #galaxynexus #android #ics #samsung #google,neutral,google
126519331956862976,Android 4.0 SDK now available #google #android http://t.co/TBtuewi1,neutral,google
126519290722648064,It's not Google vs Apple. It is Apple & Google vs the old way - GigaOm http://t.co/LJlc6YzS #google,neutral,google
126519229515169792,#Android #Google What’s New in Ice Cream Sandwich Android 4.0 http://t.co/z76pv0QV #DhilipSiva,neutral,google
126519227006988288,#Android #Google Galaxy Nexus http://t.co/GXVKqi6z #DhilipSiva,neutral,google
126519072195223552,"Hmm, Google I really need a new phone. Please release the Galaxy Nexus asap! #android #google",neutral,google
126519034488426496,#Google confirms that the Nexus S will actually get the ice cream sandwich update.,neutral,google
126518773401391104,@TreyRatcliff Congrats on making it to the #google #android 4.0 demo :) http://t.co/EPIv7ny5 #icecreamsandwich,neutral,google
126518709358575616,Is it bad if I just want it because its called the #icecreamsandwich ?http://t.co/Wt3C2rP1 #android #sansung #google,neutral,google
126518471893848064,#Android #Google Android 4.0 Ice Cream Sandwich – All New Core Applications Overview http://t.co/XLtT7Wr9 #DhilipSiva,neutral,google
126518469507289090,#Android #Google New UI and Core Features in Android 4.0 Ice Cream Sandwich Overview http://t.co/BD2omnIb #DhilipSiva,neutral,google
126518466315431936,#Android #Google Android 4.0 Ice Cream Sandwich Has Hardware Acceleration http://t.co/ijWr1mUJ #DhilipSiva,neutral,google
126518461055774721,#Android #Google Ice Cream Sandwich Feature Closer Look - Redesigned Lock Screen And Virtual Button Bar http://t.co/FqsPN4An #DhilipSiva,neutral,google
126518313160409088,RT @Androidheadline Three UK to carry the Samsung Galaxy Nexus http://t.co/bLtq3VrK #android #Samsung #UK #telecom #biznews #Google #news,neutral,google
126518222487961600,The next pure #Google phone is the #Galaxy #Nexus by #Samsung. It's fast and has a nice screen - http://t.co/9RwvaUkq,neutral,google
126518218343972864,On Google+ then go here http://t.co/18qxaSp2 #GPlus #Googleplus #Google #teamfollowback #socialnetwork,neutral,google
126518121946292224,Like to get my hands on an ice cream sandwich #android #google,neutral,google
126518025863168000,#google Unwrapping Ice Cream Sandwich on the Galaxy Nexus http://t.co/Ac8JPjPK,neutral,google
126517966589267968,#Android #Google HTC on ICS: 'reviewing its features and functionality to determine our upgrade plans' http://t.co/GrhboOar #DhilipSiva,neutral,google
126517947329036288,HTC on ICS: 'reviewing its features and functionality to determine our upgrade plans' http://t.co/UdkGr3Cb  #android #google,neutral,google
126517930027515904,"RT @Stephaniezogrh Samsung, Google Unveil Latest Android OS, Phone - PCWorld http://t.co/0dkQs3h3 #Android #Samsung #Apple #Google #tech",neutral,google
126517793792344064,"@rohit_bmw Rohit, thanks for being part of my #google+ network!",neutral,google
126517583347326976,Ice Cream Sandwich is out!   http://t.co/YyceZpDy #android #ios #ics #google,neutral,google
126517558152134656,RT @BuzzzIt: BuzZz...: Google Wallet Introduction Video http://t.co/Q00gYwQH #Google #Wallet,neutral,google
126517526363504641,Google encrypts searches: http://t.co/q8inLdFy #Google,neutral,google
126517179272278016,"Great Mission :: Ice Cream Sandwich, #Google mission was to build a mobile OS that works on both phones and tablets",neutral,google
126517076889321472,RT @lcashdol: Too bad #google didn't have a tribute graphic for #DennisRitchie.,neutral,google
126516982936895488,"Like traditional VC firms, Google Ventures makes its investment decisions solely ...  #google #ventures #spencer http://t.co/TBGqSFos",neutral,google
126516898845310977,#Google to begin defaulting logged-in #users to #secure #search: According to a blog post by… http://t.co/64Cj3GuH,neutral,google
126516776652640256,#Google Wallet now supported by seven new retailers [video] http://t.co/LCrWw4ld via @BGR,neutral,google
126516749242871809,WOW that #AmberCole video hit #Google!! I'm done haha.....,neutral,google
126516744742387712,RT @AccessNetworks: We're waiting patiently for Google+ business pages. Anyone else wanting to jump on board? #avtweeps #google+ http:// ...,neutral,google
126516342319890432,Galaxy Nexus Promotion Video http://t.co/JIV8z67u #samsung #google #android #ics #smartphone,neutral,google
126516212749443072,#Android #Google Ice Cream Sandwich Official Video http://t.co/ppH5CW1p #DhilipSiva,neutral,google
126515637978796032,Ice Cream Sandwich Android: #IceCreamSandwichAndroid  #Ice #Cream #Sandwich #Android http://t.co/pVRaHhxR #google #youtube,neutral,google
126515576507084800,"I'm not a windows phone fan, but I'm a #Metro UI fan, which, IMO, has been fortunately (or sadly) copied by #Google into #ICS.",neutral,google
126515341567344641,I have been watching Captain American movie I will give you what I think of #Google Ice Cream Sandwich going to watch it now,neutral,google
126515104723374080,#Samsung #Galaxy #Nexus hands-on (video) http://t.co/9MNNerc5 #mobile #android4 #galaxynexus #google,neutral,google
126514945373376512,Fight: Galaxy Nexus vs. Droid RAZR vs. iPhone 4S http://t.co/P3qHh63d #Android #iPhone #Google,neutral,google
126514719828885504,"Unwrapping Ice Cream Sandwich on the Galaxy Nexus: (Cross-posted on the Google Mobile blog)
Beaming a vi... http://t.co/Q2mvqxJf #google",neutral,google
126514719770161152,#Google #News: Unwrapping Ice Cream Sandwich on the Galaxy Nexus: (Cross-posted on the Google Mob... http://t.co/0PkK7J5D #harshgandhitk,neutral,google
126514718188900352,#Google #News: Unwrapping Ice Cream Sandwich on the Galaxy Nexus: (Cross-posted on the Google Mob... http://t.co/AgC6PCz7 #harshgandhitk,neutral,google
126514697875894272,On Google+ then go here http://t.co/AwDFxDcI #GPlus #Googleplus #Google #teamfollowback #socialnetwork,neutral,google
126514441314500608,#Android #Google Download: Android 4.0 Ice Cream Sandwich SDK System Dump http://t.co/VyyAsBM6 #DhilipSiva,neutral,google
126514438680489985,"#Android #Google Nexus Site Updated With ICS and Galaxy Nexus, Register to be Notified http://t.co/GHPDQALt #DhilipSiva",neutral,google
126514435949993984,#Android #Google Official Promo Video Reveals Verizon Wireless Destination http://t.co/xKH7UGY4 #DhilipSiva,neutral,google
126513983338450944,#google's galaxy #nexus just came out with #anroid4.0. http://t.co/p5kuIoox,neutral,google
126513499890397185,BuzZz...: Google Wallet Introduction Video http://t.co/Q00gYwQH #Google #Wallet,neutral,google
126513430508212224,"Google is rolling out a suite of new changes to its Google Docs service, including 50 new features for ... http://t.co/3j4Vd8WF #Google+",neutral,google
126513429103128577,"Ballmer also said that the company has a ""variety of different ways"" to respond to Hangouts, the group ... http://t.co/brBjtB86 #Google+",neutral,google
126513426968215552,"As far as I can tell, Google engineer Steve Yegge never intended to become famous for criticizing the c... http://t.co/SO1rCq0y #Google+",neutral,google
126513317320736768,"#Google confirms #Nexus S will get #Ice_Cream_Sandwich -- for real this time (#Gingerbread devices, too) http://t.co/apLj6Tsk via @engadget",neutral,google
126513307589935104,"www.geoloco.tv - #Geoloco, future of tech, brands, ads in location revolution - 11-3 San Francisco - keynotes #Google, #Facebook, #Starbucks",neutral,google
126513117944496128,#Google confirms #Nexus S will get Ice Cream Sandwich -- for real this time (#Gingerbread… http://t.co/vIoR326D,neutral,google
126513115830554625,#Samsung Galaxy #Nexus hands-on (#video) http://t.co/w4muSKEm #android #galaxynexus #galaxynexus #google,neutral,google
126513110264717312,#Google announces #NFC-based #Android Beam for sharing between phones http://t.co/VonJhtjE #android40 #androidbeam,neutral,google
126512932933734402,#Android #Google First Official Galaxy Nexus / Ice Cream Sandwich Promo Video With Feature Highlights... http://t.co/LtrC34VG #DhilipSiva,neutral,google
126512471845515264,Discover #Keywords & #Business Critical Information to be No 1 on #Google read aspenIbiz #blog post http://t.co/Rotiieo0,neutral,google
126512277720535040,Samsung and #Google Announce Galaxy Nexus and #Android 4.0–Ice Cream Sandwich http://t.co/g6EOfUYY #news #android40,neutral,google
126512269847826432,Android 4.0 SDK now available #google #android http://t.co/P05YR6PC,neutral,google
126512265036959744,Android 4.0 SDK now available #google #android http://t.co/dB2Rzsu5 #neowin,neutral,google
126512130752126976,"And my favorite, ""is @danielltosh gay?"" #Google #autocomplete",neutral,google
126511907569020928,How do you get pink eye? #Google #autocomplete,neutral,google
126511799947366401,"#Google unveils Ice Cream Sandwich, SDK is available now http://t.co/JHGldej9",neutral,google
126511578777526273,#Android + #Google have all of the tools to reshape the market. I should probably take a break from all this #ICS talk. http://t.co/D6T2XYAD,neutral,google
126511507088478208,"@LegiondaChosen1: Check out ""Big Hit feat. LegiondaChosen1 - I'm On 1 - Freestyle"" - http://t.co/IfxU5Za0 #Google Me!!",neutral,google
126511425760935936,On Google+ then go here http://t.co/5tbv933W #GPlus #Googleplus #Google #teamfollowback #socialnetwork,neutral,google
126511400825790464,#google #icecream #galaxy #nexus http://t.co/gkoHBpN8,neutral,google
126511380365983744,RT @VentureBeat: #Google releases an Infinite Digital Bookcase http://t.co/gVbdhLiu by @MeghanKel,neutral,google
126511358861778944,Why are manhole covers round? #Google #autocomplete,neutral,google
126511243371610113,RT @NeowinFeed Google shows off new Ice Cream Sandwich features #google #android http://t.co/TAJFjSD9 #neowin,neutral,google
126510915771301888,"RT @Div_Spartan: Fellow Michiganders, do the right thing. Get online! #Google helping #Michigan businesses get online http://t.co/npz2KwmQ",neutral,google
126510801803673600,#Samsung #google #nexus,neutral,google
126510781801046016,DAMN!!! #Galaxy #Nexus #Google #Android http://t.co/DL3cNtEU time for me to upgrade my Nexus S xD,neutral,google
126510402359140352,#Android #Google Need Proof of Verizon’s Galaxy Nexus? http://t.co/jcP7bkvg #DhilipSiva,neutral,google
126510393114898432,Galaxy Nexus #GalaxyNexus #Android #Google http://t.co/AWJHxwGT #followme,neutral,google
126510377558216704,Android Ice Cream Sandwich adds Face Unlock feature http://t.co/45HxZE0o #Tech #google,neutral,google
126510284536942592,#Google releases an Infinite Digital Bookcase http://t.co/12AuhZ6o by @MeghanKel,neutral,google
126510143541231616,"#Google encrypts search data against hackers, marketers 'howl': http://t.co/nFwcQD9R | #divisions",neutral,google
126510049039368192,#Google Android Ice Cream Sandwich OS http://t.co/VhntGols #technology #androidicecream #nexusprime #sandwichos,neutral,google
126509936518762496,#Android #Google Video: Samsung Galaxy Nexus Announcement and Official Promo http://t.co/4ErExB4T #DhilipSiva,neutral,google
126509922505596928,"#Android #Google ICS Has Completely Revamped Your Contacts Into The ""People"" app http://t.co/QDoGji0U #DhilipSiva",neutral,google
126509783665745920,http://t.co/pUvXwjjc Is it #Google #bookmark or #links that bring site #traffic blogspot http://t.co/KPdXWPEB wp http://t.co/31g0geqy,neutral,google
126509619819462657,#Facebook vs. #Google+ : Which #SocialMedia Platform is the Best for You? | @customerthink http://t.co/QqkviaAn,neutral,google
126509495907135489,"Android 4.0 Ice Cream Sandwich Official, SDK Now Available http://t.co/9zUBrPE2 #tech #google",neutral,google
126509381327134720,#goodtoknow #privacy #google http://t.co/Ye337YR6,neutral,google
126509283260108800,Samsung Galaxy Nexus: Android 4.0 Smartphone Unveiled : http://t.co/b5jmtr1L #android #google #mobile #news,neutral,google
126509226720903168,Samsung And Google Announce Galaxy Nexus http://t.co/I6r95xgK #samsung #galaxy #nexus #google #android #ICS #news #tech,neutral,google
126508885992415232,#Google's #Android 4.0 Development Plan: Make Android Prettier http://t.co/7X0OFPuq @paidcontent,neutral,google
126508842367463424,#Google springs #IceCreamSandwich on Samsung #GalaxyNexus smartphone. Android tablets soon? http://t.co/yyU5q0I7 (TabTimes),neutral,google
126508789254979584,It tells you where to find your next drink. RT @RoycinD: What the fuck is a Barometer doing in a phone? Eh? #ICS #google #galaxynexus,neutral,google
126508753997668352,"Good To Read: Google steps up its privacy game, launches Good To Know (ZDNet - Oct.18) #google http://t.co/qKthMjwo",neutral,google
126508642060083200,"Thank you, Internet, for allowing me to be Bunny Watson for my friends. #google #imdb #allmusic",neutral,google
126508398522019840,#Google weiterhin auf der Erfolgsspur http://t.co/lf3RkTcJ,neutral,google
126508037400825857,Samsung e o Google lançam hoje o Galaxy Nexus e o Android 4.0 http://t.co/PW4KRE0F #google #samsung,neutral,google
126508035416928256,RT @BatzayaB: #Google #Android Ice Cream Sandwich 4.0 (photos) http://t.co/XlJBYgIS,neutral,google
126507982543532034,#Google #Android Ice Cream Sandwich 4.0 (photos) http://t.co/iK3Iq8KR,neutral,google
126507925337411584,"#Google #Galaxy #Nexus, Miam !

http://t.co/8UpG3BOg",neutral,google
126507911844339712,On Google+ then go here http://t.co/VS0UJozD #GPlus #Googleplus #Google #teamfollowback #socialnetwork,neutral,google
126507657472393216,#Google Unwrapping Ice Cream Sandwich on the Galaxy Nexus http://t.co/D7ntPaIt,neutral,google
126507418539671552,Google Galaxy Nexus http://t.co/vWpuA2gt #google #galaxynexus #android #ICS,neutral,google
126506926069645312,Some people should not post replies in #Google+ threads. Their posts only continue to weaken their creditbility.,neutral,google
126506902145347584,#Android #Google Android 4.0 (Ice Cream Sandwich) SDK and ADT 14 Released http://t.co/wG9xoNkg #DhilipSiva,neutral,google
126506895124086784,"#Android #Google Official Galaxy Nexus Site Goes Live, Highlights Ice Cream Sandwich And Galaxy Nexus... http://t.co/4ijvupvq #DhilipSiva",neutral,google
126506846499520512,Reading: Android 4.0 'Ice Cream Sandwich' Features Announced By Google (HuffPost- Oct.18) #google http://t.co/wmqNPcLV,neutral,google
126506795958153216,Galaxy Nexus #Android ICS barometer will undoubtedly be used to add 3D to #Google Maps.,neutral,google
126506701259157504,#Google+,neutral,google
126506651271430144,@dwtalker that's some tough competition right there http://t.co/XP9LhjpR #TechWar #Google #Facebook #Apple #Amazon,neutral,google
126506310228377600,#Android #Google Calling all speed demons - Galaxy Nexus! http://t.co/kma7ZnAf #DhilipSiva,neutral,google
126506306201858049,#Android #Google Android Beam makes NFC for more than paying for things http://t.co/dxrbxjkB #DhilipSiva,neutral,google
126506273662447616,Calling all speed demons - Galaxy Nexus! http://t.co/7OyVuqdq  #android #google,neutral,google
126506272152502272,Android Beam makes NFC for more than paying for things http://t.co/3wKMrcTL  #android #google,neutral,google
126505781553147904,Yeni Galaxy Nexus - http://t.co/QZcbA4Bx #google #galaxynexus,neutral,google
126505670446022656,RT @MikeMcCready: Don’t Cast Your Google Adwords Net Too Wide | Mike McCready http://t.co/ms06fehi #google #adwords,neutral,google
126505612690456576,"#Google, #Samsung unveil Ice Cream Sandwich powered Galaxy Nexus.. #Android4.0",neutral,google
126505607116238848,I'm thinking seriously to make my own page in #wikipedia just to find myself in #google.,neutral,google
126505424823402496,Unwrapping Ice Cream Sandwich on the Galaxy Nexus http://t.co/9IvTJkit #Google,neutral,google
126505412068511745,Unwrapping Ice Cream Sandwich on the Galaxy Nexus http://t.co/QoXd3I0s #google,neutral,google
126505392191705088,"Update : Google Officially calls Android Ice Cream Sandwich, Shouts Android 4.0 http://t.co/zzRuwrSk  #google #ics #android4",neutral,google
126505364307984384,116 new #jobs posting for #google http://t.co/XfG6l29D  #jobely,neutral,google
126505359161573377,Is Google Analytics Reverse-Engineering Facebook?: http://t.co/mJHRoa7L #google #facebook #media #digitalstrategy,neutral,google
126505133587709953,RT “@Ant0ineH: Twitter Will Beat #Google+ And #Facebook With Simplicity- #Twitter CEO http://t.co/melkHdb7” Beat? You aren't competitors…,neutral,google
126505094664568833,who the hell is #ambercole?? i dont feel like i care enough to #google this bitch so ill ask you guys!,neutral,google
126504998799552513,#Pearson and #Google take advantage of the profound lack of LMS PD with their new offering http://t.co/4RsRDU4G Also do not do reporting,neutral,google
126504923687960576,Unwrapping Ice Cream Sandwich on the Galaxy Nexus http://t.co/qukDb5lb #google #mobile,neutral,google
126504910844989440,#Google #Android #ICS #IceCreamSandwich,neutral,google
126504893354741760,http://t.co/pUvXwjjc How do #CMM & #BBC get #massive #hits? Is #Google @ work? blogspot http://t.co/KPdXWPEB wp http://t.co/31g0geqy,neutral,google
126504842469457922,"Google Reveals the Details of Android OS 4.0, Samsung Galaxy Nexus http://t.co/KyxuNP8I #google #android #samsung",neutral,google
126504774047772672,#google must b having sum underlying reasoning 4 naming products after eatables #eclair #gingerbread #icecream #rawadosa #android,neutral,google
126504709036056576,Installing the Ice Cream Sandwich SDK #android #google,neutral,google
126504427275300864,Cool Infographic: Perks working for the big techs like #Google & #Facebook | http://t.co/lNEgf7Kn,neutral,google
126504377862205441,On Google+ then go here http://t.co/K6BggvDx #GPlus #Googleplus #Google #teamfollowback #socialnetwork,neutral,google
126504319859175424,#Google To Begin Encrypting Searches & Outbound Clicks By Default With SSL Search http://t.co/xW7vh75e,neutral,google
126504126665334784,#droidtweak #Video: #IceCreamSandwich on the #GalaxyNexus http://t.co/vBcl0OzP #googlephone #nexus1 #NexusS #google,neutral,google
126504115508494337,Galaxy Nexus – the first Ice Cream Sandwich phone coming to Verizon http://t.co/BiPvBdxz  #android #google,neutral,google
126504105530236928,@megd0630 we don't go site seeing for  igloos in Alaska don #giveitup your better off checking #google,neutral,google
126503993768804352,Big Money... http://t.co/Ms6AwiX4 #seo #search #google #hack #sem #it #business #web #marketing #online #yes #hot #winning,neutral,google
126503947560165376,RT @RUILIFESTYLE: #GOOGLE THE MIXTAPE http://t.co/v8zTtNVV,neutral,google
126503706760974337,#Android #Google Meet the Samsung Galaxy Nexus and Ice Cream Sandwich http://t.co/2VWXzReW #DhilipSiva,neutral,google
126503703514578944,#Samsung Galaxy Nexus is now confirmed http://t.co/v4LR34p3 #googlenews #mobile #android40icecreamsandwich #google,neutral,google
126503693355982849,#Android #Google Android 4.0 SDK now available http://t.co/HI1cQ2si #DhilipSiva,neutral,google
126503688595447810,#Android #Google Samsung Galaxy Nexus release details still in short supply http://t.co/s6A7Y9WT #DhilipSiva,neutral,google
126503683142852608,#Android #Google Samsung Galaxy Nexus hands-on roundup http://t.co/RE1EnpaU #DhilipSiva,neutral,google
126503627706732544,Don’t Cast Your Google Adwords Net Too Wide | Mike McCready http://t.co/ms06fehi #google #adwords,neutral,google
126503349657935872,"Google details Android 4.0 Ice Cream Sandwich, offers SDK http://t.co/mShfEQe6 #Android #Google",neutral,google
126503090487705601,Dennis Goedegebuure’s Thoughts on Changes in #Google Analytics: I contacted Dennis and asked… http://t.co/okCwNrpq,neutral,google
126503088461848576,"Article Recap on the #Google Analytics ""Secure"" Change: Here are some articles we found after… http://t.co/RPTLWMLo",neutral,google
126502770130960384,#Google releases an Infinite Digital Bookcase http://t.co/FbvZq8Yp by @MeghanKel,neutral,google
126502761608122368,"Check out "" @Legiondachosen1 ft. Big Hit - My Life's A Movie (snippet) - Prod. by @LegiondaChosen1"" - http://t.co/XjTCc7j7 #Google Me!!",neutral,google
126502730264088576,Massive Galaxy Nexus/Ice Cream Sandwich Recap. - http://t.co/I8SW5Udz #galaxynexus #Google #ics #Samsung,neutral,google
126502630578069504,#Android #Google Three UK to carry Samsung Galaxy Nexus http://t.co/Lt4m2HH4 #DhilipSiva,neutral,google
126502626085969920,#Android #Google Google updates Nexus site with Galaxy Nexus details http://t.co/BeckhmA1 #DhilipSiva,neutral,google
126502616128684032,Three UK to carry Samsung Galaxy Nexus http://t.co/SwvAcbxC  #android #google,neutral,google
126502614086070273,Google updates Nexus site with Galaxy Nexus details http://t.co/LaSn4ol0  #android #google,neutral,google
126502326356815872,"RT @tatn: #Google, #Samsung unveil Ice Cream Sandwich-powered Galaxy Nexus http://t.co/uY7KWJiY via @CNET #Android",neutral,google
126502296916987904,"#Google, #Samsung Add ’Ice Cream Sandwich’ Phone http://t.co/oOdugpqG $AAPL $GOOG #hitech #gadgets #mkt #digital",neutral,google
126502291799945217,"#google+ ...thoughts? to sign up or not to sign up, that is the question...",neutral,google
126502250041454593,"#Google Ice Cream Sandwich, Nexus Prime Launch [LIVE BLOG] http://t.co/YD4FBog3 #uncategorized #android",neutral,google
126502128737976321,#Google has been released #Android 4.0 platform http://t.co/mvdCD0v8,neutral,google
126502101944778752,#Google Defaults to Encrypted HTTPS #Searches for Logged In Users [#Security] http://t.co/kzMZDxmE,neutral,google
126502100308996097,"#Android #Google Samsung's Galaxy Nexus - It's Official, It's Headed For Global Availability, And It's... http://t.co/TI9Hy8LW #DhilipSiva",neutral,google
126501988132327425,"Personal-finance #security #startup @BillGuard raises $10mn from #KhoslaVentures, Peter Thiel’s @FoundersFund n #Google http://t.co/UdlOQFsA",neutral,google
126501882331017216,#google just invented #mango taste #icecream. even the #roboto is so #segoe. but it's ok. every oem will have to pay #ms anyway... LOL.,neutral,google
126501647378690048,Embed Google Calendar To Your Wordpress Post: http://t.co/ah8km2JF #wordpress #google,neutral,google
126501582274707457,#Google To Begin Encrypting Searches & Outbound Clicks By Default With SSL Search http://t.co/bf5zVm0U @searchengineland,neutral,google
126501535160074240,"#samsung #google #galaxynexus We got the lowdown after the Hong Kong press release, check it out: http://t.co/OWhYR0YJ",neutral,google
126501463752060928,"#google #IceCreamSandwich #Samsung #Updates #Android | 
Galaxy Nexus with Ice Cream Sandwich: pictures http://t.co/lfpPk5Yk",neutral,google
126501463726899200,"#google #IceCreamSandwich #Samsung #Updates #Android | 
Galaxy Nexus with Ice Cream Sandwich: pictures http://t.co/qD1bqVm8",neutral,google
126501463672369152,"#google #IceCreamSandwich #Samsung #Updates #Android | 
Galaxy Nexus with Ice Cream Sandwich: pictures http://t.co/eizExUn0",neutral,google
126501463663976448,"#google #IceCreamSandwich #Samsung #Updates #Android | 
Galaxy Nexus with Ice Cream Sandwich: pictures http://t.co/DGGsNOh2",neutral,google
126501463659790337,"#google #IceCreamSandwich #Samsung #Updates #Android | 
Galaxy Nexus with Ice Cream Sandwich: pictures http://t.co/XPGHLC2o",neutral,google
126501463626223616,"#google #IceCreamSandwich #Samsung #Updates #Android | 
Galaxy Nexus with Ice Cream Sandwich: pictures http://t.co/rUkTyUJC",neutral,google
126501463554924544,"#google #IceCreamSandwich #Samsung #Updates #Android | 
Galaxy Nexus with Ice Cream Sandwich: pictures http://t.co/3GC0UEPM",neutral,google
126501463529754624,"#google #IceCreamSandwich #Samsung #Updates #Android | 
Galaxy Nexus with Ice Cream Sandwich: pictures http://t.co/STIfQWTU",neutral,google
126501360089825280,Chrome Experiment - WebGL Bookcase - http://t.co/1GNsOwmu #Google,neutral,google
126501176559677441,Word of Mouth and the Internet - YouTube http://t.co/UCD9sDx4 #google #searching #wom,neutral,google
126501155999203328,@AtlantaSnoop yea I've seen my #location waaaay off on #google sites. Not a big deal but still strange. #spookygoogle,neutral,google
126500867280093184,#Android #Google Galaxy Nexus Site is Live: Register and Relive the New Features http://t.co/7llRSpUO #DhilipSiva,neutral,google
126500856026771456,On Google+ then go here http://t.co/iLjdQBpT #GPlus #Googleplus #Google #teamfollowback #socialnetwork,neutral,google
126500659833995265,#Google & Samsung announced their (hopeful) rebuttal to iPhone 4S tonight... site shows nice specs but no carriers yet. http://t.co/Z8SDgUT9,neutral,google
126500532478148610,RT @GWGoddess: We could have told you this two years ago! http://t.co/6BZ6W7cf @Novell #GroupWise #Google,neutral,google
126500276994711553,@Affan Fact! They still do everything better though #google,neutral,google
126500259974234112,@jpobrien11 or windows bridge for windows phones and don't try and pretend apple didn't steal the notification bar from #google #droidtweets,neutral,google
126500105762250752,What could a bookcase look like in 10 years...maybe this? http://t.co/i6YWQ7oR  #google #books,neutral,google
126499963176886272,And thanks to TWIT's AAA crew for the live coverage of the #Google / Samsung announcement!,neutral,google
126499722805522433,Check%RT @CadientGroup: $6% of women use #Google for info on health care vs 28% of men -&gt; http://t.co/QEfhPgX2 (via @nicolaziady) #hcsmeu,neutral,google
126499577443532801,The competition: #Google introduces #Android 4.0 Ice Cream Sandwich and the Galaxy Nexus http://t.co/PCu88z7j,neutral,google
126499521822867458,"Hide the women and children, break out the guns, #Google is going to encrypt your searches by default! http://t.co/2VbCGLgp #SEO",neutral,google
126499346022805504,#Android #Google Android 4.0 Ice Cream Sandwich SDK is available today http://t.co/mTnbj9hD #DhilipSiva,neutral,google
126499314393546752,RT @BrightSideNews: @Google and @Samsung Announce the #Galaxy #Nexus http://t.co/dZHvFxVh #Android #ICS #Icecreamsandwich #Google #Samsung,neutral,google
126499293895987201,My thoughts on tonight's #Google Ice Cream Sandwich and #Samsung Galaxy Nexus talk: http://t.co/gu7ScKXL,neutral,google
126498840831475712,#Android #Google Ice Cream Sandwich SDK now available http://t.co/K0tksZ1O #DhilipSiva,neutral,google
126498825992019969,Ice Cream Sandwich SDK now available http://t.co/ZOgECNER  #android #google,neutral,google
126498759143211008,@csg122 http://t.co/TBxLrvin Hopefully you check twitter often enough to find this article. :D #google #ICS,neutral,google
126498593770184704,#Android #Google Galaxy Nexus Press Release http://t.co/JKrzYGBO #DhilipSiva,neutral,google
126498481534808064,engineers #google Manny Marroquin #MannyMarroquin,neutral,google
126498259228303360,@Google and @Samsung Announce the #Galaxy #Nexus http://t.co/dZHvFxVh #Android #ICS #Icecreamsandwich #Google #Samsung,neutral,google
126498218501607426,RT @SamsungMobileCA #GALAXYNexus has arrived! #Samsung #Google,neutral,google
126498101124005889,"Will the #Galaxy #Nexus be coming to #Sprint? No mention of price, carriers, or source release for ICS. Give us those info #Google!",neutral,google
126497822009860096,"#Advertising #Blog Today's blog covers the #IGen and #Google's ""Parisian Love"" Debating with @smarch323 for your votes! http://t.co/x3JY4b2L",neutral,google
126497423815213056,Siri's Search Capabilities vs Google Voice Search on Android - Tested http://t.co/YKiFTufX #apple #google #voip,neutral,google
126497339933327360,#Google announces #NFC-based #Android Beam for sharing between phones http://t.co/zYKEr3ax via @engadget,neutral,google
126497339073495040,"#Android #Google Android 4.0 Ice Cream Sandwich Official, SDK Now Available http://t.co/rXuPIW2U #DhilipSiva",neutral,google
126497335831306240,On Google+ then go here http://t.co/kDHaUfDl #GPlus #Googleplus #Google #teamfollowback #socialnetwork,neutral,google
126497288301457408,"Samsung Galaxy Nexus - the new official Google smartphone with Android 4.0 ""Ice-Cream Sandwich"" http://t.co/S8hSL06q #Google #Android",neutral,google
126497256382803968,#Google releases the latest version of #Android 4.0  #IceCreamSandwich http://t.co/fB7y5E1e,neutral,google
126497160345829376,"Also, I maybe missing something here. But I thought #Google bought #Motorola Mobile? So, what's with all the #Samsung Love??",neutral,google
126497100866387969,ahahaa for the twitpic... the power of #google,neutral,google
126496951746301952,"RT @whymicrosoft: Google’s Ad revenue for Q3 was 96% of total revenue. So, are #Google customers the commodity being sold to advertisers?",neutral,google
126496930204352512,#Google #Samsung #GalaxyNexus http://t.co/1C5iEpPk,neutral,google
126496891797118976,RT @mashable #Google Launches #Android Ice Cream Sandwich OS http://t.co/zxfeb0ld,neutral,google
126496835933179904,"#Android #Google Galaxy Nexus and Ice Cream Sandwich Promo Video Released, Verizon Spotted in... http://t.co/1niTrTzu #DhilipSiva",neutral,google
126496835920609280,#Google announces #NFC-based #Android Beam for sharing between phones http://t.co/dduu9ffd,neutral,google
126496802634612736,RT @dalmaer: WebGL infinite bookcase UI http://t.co/bvu1qtkT #google,neutral,google
126496688163655680,#Google does away with #Buzz - http://t.co/uqMIQbBT #SearchEngine #Search #SocialNetworking #Social #Network,neutral,google
126496634120056832,Add me to your circles on #Google+,neutral,google
126496553811709952,#Google Buzz to the junkyard along with four other services including Jaiku http://t.co/XzxMHuuu &gt; liked Jaiku,neutral,google
126496553748803586,#Google Buzz to the junkyard along with four other services including Jaiku http://t.co/lm79ZlWA &gt; liked Jaiku,neutral,google
126496493648609280,#Google (and #Twitter ) get ready for the debut of #IceCreamSandwich http://t.co/T36KZ6gf,neutral,google
126496303738912769,"3 new stuffs today, #Motorola #razr, #Samsung #Galaxy #Nexus, #Google #Android 4.0 #IceCreamSandwich #ICS ~",neutral,google
126496131554344960,Calling All #IceCreamSandwich Lovers | #Google & #Samsung Like in Hong Kong - A new look at what's new from Android http://t.co/rUkTyUJC,neutral,google
126496131545960449,Calling All #IceCreamSandwich Lovers | #Google & #Samsung Like in Hong Kong - A new look at what's new from Android http://t.co/STIfQWTU,neutral,google
126496131529183232,Calling All #IceCreamSandwich Lovers | #Google & #Samsung Like in Hong Kong - A new look at what's new from Android http://t.co/3GC0UEPM,neutral,google
126496131441102848,Calling All #IceCreamSandwich Lovers | #Google & #Samsung Like in Hong Kong - A new look at what's new from Android http://t.co/qD1bqVm8,neutral,google
126496131411742721,Calling All #IceCreamSandwich Lovers | #Google & #Samsung Like in Hong Kong - A new look at what's new from Android http://t.co/eizExUn0,neutral,google
126496131382382592,Calling All #IceCreamSandwich Lovers | #Google & #Samsung Like in Hong Kong - A new look at what's new from Android http://t.co/XPGHLC2o,neutral,google
126496131378188289,Calling All #IceCreamSandwich Lovers | #Google & #Samsung Like in Hong Kong - A new look at what's new from Android http://t.co/lfpPk5Yk,neutral,google
126496131374006272,Calling All #IceCreamSandwich Lovers | #Google & #Samsung Like in Hong Kong - A new look at what's new from Android http://t.co/DGGsNOh2,neutral,google
126496068467822593,"#Google, #Samsung unveil Ice Cream Sandwich-powered Galaxy Nexus http://t.co/qtiCdIvd via @CNET #Android",neutral,google
126495741014315008,Motorola Droid Razr vs. Samsung Galaxy Nexus (chart) - CNET (blog) http://t.co/oRkTnT7R #nexus #one #google,neutral,google
126495706356789248,"""#Google, Samsung unveil Ice Cream Sandwich-powered #Galaxy #Nexus"" - http://t.co/r8f0jmGY",neutral,google
126495690636529664,#Microsoft's Ballmer: We’re beating #Google in the #cloud http://t.co/XIq3v54f,neutral,google
126495653747634176,Guess what I spotted a couple days ago... didn't expect to see one especially in the West Village #Google http://t.co/Xop25kvU,neutral,google
126495319792959488,20% searches on  #Google  are related to location. 33% mobile search queries have local intent.,neutral,google
126495169536208896,@OccupyWallSt #Apple stock DOWN despite #iPhone monumental SALES = #ocuupy #GOOGLE & #Verizon--i smell a #conspiracy!,neutral,google
126495125303083009,#Google announces #Android #Beam for sharing between Android Phones. Based on NFC technology. http://t.co/bc7yhhR4,neutral,google
126495001868906496,"Sucks that I just threw down $3 for a panorama app when #ICS will have it as standard. Oh #Google, you pleasant bastards, you!",neutral,google
126494909548077056,It Is Indeed #Apple & #Google vs #TheOldWay!,neutral,google
126494729474015232,@Ayy_Queen #google it lol espn too,neutral,google
126494691016441857,The better question is if (and when) current devices will get the update.  #Android #Google #IceCreamSandwich,neutral,google
126494645403398145,I just noticed that #google+ has introduced real time search.,neutral,google
126494532857643008,$6% of women use #Google for info on health care vs 28% of men -&gt; http://t.co/PM6wxvQb (via @nicolaziady) #hcsmeu #epharma,neutral,google
126494358508806144,Just Been To The Future And Back lol... Just Watch Something Happening Tomorrow Morning! #Google #Android,neutral,google
126494314057568256,"Thank you for the laughs #Google, ""tapping my peepz"", white suit, face unlock fail, using an LED screen for a video cast. Love it anyway &lt;3",neutral,google
126494171065364480,Soooooo @VerizonWireless... All eyes on you! When can we order? #Nexus #Samsung #Google #ICS,neutral,google
126494094276042752,"Android Beam, panorama, Gmail offline, lockscreen, contacts, facial recognition unlock... #IceCreamSandwich #NexusPrime #Google",neutral,google
126493954429550593,All the info on Ice Cream Sandwich here : http://t.co/f0rNfGPA @twandroid #google #nexusprime #ics #android,neutral,google
126493895625424896,WebGL infinite bookcase UI http://t.co/bvu1qtkT #google,neutral,google
126493811638677504,RT @charmybird Soon. Getting ready for the party. #google #android #icecreamsandwich http://t.co/puMwmM9m,neutral,google
126493785533321216,RT @pretty_browniee: #oomf gone get it next week i promise! Man you better #Google tht!!!,neutral,google
126493558365630465,is #google the next innovators ?,neutral,google
126493553055633408,On Google+ then go here http://t.co/hhAmwm8K #GPlus #Googleplus #Google #teamfollowback #socialnetwork,neutral,google
126493550618742784,#Android #Google Android 4.0 Platform and Updated SDK Tools http://t.co/0jRKtQ2S #DhilipSiva,neutral,google
126493370028797953,Recent study of #Google CTR reveals that top three positions #in #GoogleSearch receive 35% of traffic. @Econsultancy http://t.co/Z2bh6oH1,neutral,google
126493352370765824,"#Google Ice Cream Sandwich, Nexus Prime Launch [LIVE BLOG] http://t.co/kj2y69HM",neutral,google
126493335518068736,RT @charlieroffe: Welcome Ice Cream Sandwich! #android #google #icecreamsandwich http://t.co/IFlB5EhJ,neutral,google
126493322268250114,"Haven't even freshened up, due to #Google's #IceCreamSandwichEvent. #OffToShower now.",neutral,google
126493312650719232,"The Ice Cream Sandwich presentation was very buggy, however 4.0 looks much more promising than expected.  #Android #GalaxyNexus #Google",neutral,google
126493280832724992,Recent study of #Google CTR reveals that top three positions in #GoogleSearch receive 35% of traffic.... http://t.co/IHts3PyW,neutral,google
126493225811841024,"Hey, #google!  You lied.  #android 4.0 platform is not up as a link yet.  But I found it. http://t.co/v5WG698V #ics #sdk",neutral,google
126493189254291457,"#google #yahoo #bing Ballmer on Bing, Xbox, Apple...oh, and Yahoo, too http://t.co/CfHu4jBP #seo #serps",neutral,google
126493155855052800,#Google Google Event: Vorstellung des Samsung Galaxy Nexus (Caschys Blog): o3:30 klingelte mein Wecker. Googles ... http://t.co/QnVDVcMX,neutral,google
126493015907897344,That was good but when is it coming out? What carriers? What pricepoints? #android #google,neutral,google
126492985834733568,Welcome Ice Cream Sandwich! #android #google #icecreamsandwich http://t.co/IFlB5EhJ,neutral,google
126492886517809152,"RT @tiffanyk: [#Infographic] #Google+ cost half a billion to build, driving users to #1 most followed user: Mark Zuckerberg. http://t.co ...",neutral,google
126492864174755841,#ai #google #ai #samsung,neutral,google
126492839998783488,"What? No ""one more thing!"" ? #Samsung #Google #Nexus",neutral,google
126492795027456000,For all the bookworms out there! http://t.co/Mx2bMy3o #Google’s Infinite Bookcase: An Abstract Browser For Limitless Libraries #technews,neutral,google
126492775930798080,"Can Bill Gross Take On #Facebook, #Twitter & #Google+ With Chime.in? - Forbes http://t.co/pG5uHrmI #socialmedia",neutral,google
126492759262633984,Just wonder how much time it will take throw an update of #android ICS on Nexus S !!! Please #google make it quick this time,neutral,google
126492737766834177,Ice Cream Sandwich to stop carriers bullying smartphone users #google #android http://t.co/a0wncHmI,neutral,google
126492735598366720,Ice Cream Sandwich to stop carriers bullying smartphone users #google #android http://t.co/HHfJbBHU #neowin,neutral,google
126492719987179520,#google #icecreamsandwich event featured #minecraft,neutral,google
126492604799004672,"Samsung Galaxy Nexus Official, Launches Worldwide November - http://t.co/UX1CiB6A #galaxynexus #samsung #google #ics",neutral,google
126492471759867904,@eboyee S tim da http://t.co/hX21e1JK daje Server Error :)  #Google #IceCreamSandwich,neutral,google
126492364138221569,RT: Collobrate and present. New version of Google presentations. http://t.co/xmF34T27 VIA @googledownunder #google #googlepresentations,neutral,google
126492325219278848,"Sdk available now, so you can develop apps for the phone and tablets right now. #Android4.0 #Google",neutral,google
126492310866362368,Great hardware and great new version of Android. I want it now. API is available now at least. #Google #Android #ICS #Development,neutral,google
126492105026703360,#Google unveils Android 4.0 ‘Ice Cream Sandwich’ http://t.co/dciffpI1 via @BGR,neutral,google
126492088270454785,"Hey #google ,when unveiling a new product,use a backdrop w/ lots of spatial-temporal high resolution activity. Video codecs will love it. ;)",neutral,google
126492059308785664,"Android beam, share any piece of information.from.one Android device to another by simply touching the devices.  #Android4.0 #Google",neutral,google
126491876860755969,New Galaxy Nexus: App Improvements -  Beam - sharing using NFC #nexus #samsung #google #android bit.ly/nEJbyE,neutral,google
126491752260575232,"@jcmwright we are a going over to #Google right now, and we are in Maryland (#MICA). Catch up with us this week sometime #edu11",neutral,google
126491610199490560,"New Galaxy Nexus: App Improvements -  Quick Response to unwanted calls, predefined SMS's #nexus #samsung #google #android bit.ly/nEJbyE",neutral,google
126491517924810752,RT @jcmwright: Would love to hear from other small colleges who went #Google recently. Particularly interested in the learning tech prep ...,neutral,google
126491513038442496,Many new features for Android. #NexusPrime #Google,neutral,google
126491459078729728,#Samsung and #Google's Ice Cream Sandwich event #liveblog! http://t.co/iG3Gi4qd #android #icecreamsandwich,neutral,google
126491255436881920,"Phone app redesigned to be unified with google voice, etc. Has fast forward and rewind capabilities as well. #Google #Android #ICS",neutral,google
126491202810953728,New Galaxy Nexus: App Improvements -  New visual voicemail within the phone app #nexus #samsung #google #android bit.ly/nEJbyE,neutral,google
126490806315008000,RT @thedroidguy: #Google announces dates for 2012 IO http://t.co/90xoKyQN,neutral,google
126490801982275584,#Android #Google Google officially announces Ice Cream Sandwich http://t.co/Ij292Ye3 #DhilipSiva,neutral,google
126490797225934850,"#Android #Google Samsung Galaxy Nexus launching in US, Europe and Asia this November http://t.co/NLdTU5oY #DhilipSiva",neutral,google
126490763151421440,#Google's open source search to end: http://t.co/h8PYttyr,neutral,google
126490712299675649,Google officially announces Ice Cream Sandwich http://t.co/u702sosO  #android #google,neutral,google
126490709921497088,"Samsung Galaxy Nexus launching in US, Europe and Asia this November http://t.co/SzchgKIf  #android #google",neutral,google
126490566837026817,New Galaxy Nexus: App Improvements -  New People App to improve contact information #nexus #samsung #google #android bit.ly/nEJbyE,neutral,google
126490278143082496,@5in_n_the_Air #GOOGLE time kml,neutral,google
126490265463701504,#Google announces dates for 2012 IO http://t.co/90xoKyQN,neutral,google
126490166897541120,"Samsung Galaxy Nexus announced, full specs available  http://t.co/VNGazg48  #samsung #galaxy #nexus #google #android #ics #thetechcheck",neutral,google
126490158815125504,"Samsung Galaxy Nexus announced, full specs available  http://t.co/0Nd3LiwV  #samsung #galaxy #nexus #google #android #ics #thetechcheck",neutral,google
126490034865045504,On Google+ then go here http://t.co/86xwWN2d #GPlus #Googleplus #Google #teamfollowback #socialnetwork,neutral,google
126490011901231104,New Galaxy Nexus: Hardware Improvements -  Camera captures 1080p video #nexus #samsung #google #android bit.ly/nEJbyE,neutral,google
126489950614073345,Video of livestream of the Google/Samsung announcement froze. Damn my slow internet connection. #Google #Samsung,neutral,google
126489908998176769,"1080p video recording, continuous focus, zoom while recording and time lapse included in Android 4.0. #Google #Android #ICS",neutral,google
126489719012990976,Built in panorama in camera app #Android 4.0 #ICS #Google,neutral,google
126489665116192768,"Google, Samsung unveil Galaxy Nexus phone running Android 4.0 http://t.co/C4elM79o"" via:@appleinsider #tech #google #Dubai #beirut",neutral,google
126489609889783808,"Panorama

#icecreamsandwich #googland #google #android #ics",neutral,google
126489489328705536,"how come when #google talks about their #android camera app it's boring, but when #apple does it's ZOMG!!!1",neutral,google
126489300828307456,"Ballmer: 70% Of The Time, #Google & #Bing Are The Same, So Try Bing! by @dannysullivan http://t.co/9eudwSAD",neutral,google
126489263490596864,#Google WebGL Bookcase: Google WebGL Bookcase. Google developed a WebGL app that shows a 3D model of a bookcase ... http://t.co/y8HC6kzB,neutral,google
126489064319881216,"[#Infographic] #Google+ cost half a billion to build, driving users to #1 most followed user: Mark Zuckerberg. http://t.co/CzMfvnLQ #irony",neutral,google
126488912037289984,now watching live stream of  #Google new mobile #Nexus,neutral,google
126488727315943425,Damn group meeting disturbin me from watchin the #google event,neutral,google
126488649905864705,New tools giving the user the ability to restrict mobile data usage. #Google #Android #ICS,neutral,google
126488582218203136,Article discussing how the four great tech companies will compete in the marketplace: http://t.co/YFWF9iye #Apple #Google #Facebook #Amazon,neutral,google
126488561888399360,#Google releases an Infinite Digital Bookcase RT @VentureBeat http://t.co/YWtVgwJY by @MeghanKel,neutral,google
126487924043821057,"#Android Ice Cream Sandwich features face-recognition to unlock your phone, no more entering a pin or password #fb #google",neutral,google
126487912433975297,"Email with 2 line preview, offline search of any amount of emails you want. #Android4.0 #Google",neutral,google
126487846038147073,"Can search the last 30 days of Gmail, whether connected or not. #Google #Android #ICS",neutral,google
126487807156944899,"Ha! The demo fail is still resonating.. Kinda funny, but on a global scale. Cool feature, though! #android #google #galaxynexus",neutral,google
126487744787660800,"#ICS show-off froze my browser. Well, time for sleep I guess. #Android #Google #Samsung",neutral,google
126487541569433600,RT @VentureBeat: #Google releases an Infinite Digital Bookcase http://t.co/BfFAEApW by @MeghanKel,neutral,google
126487465203736576,RT @adamdince: #Google might reverse its new data encryption policy if big brands threaten to cut their PPC spend. @Google biting the ha ...,neutral,google
126487372039847937,#Google thinks your digital books belong on a digital bookcase - a #WebGL #Chrome experiment http://t.co/2LqpqF6F,neutral,google
126487167823388673,Demo crime for #google dude in white suit. Face recognition for unlocking doesn't work if you wear make up apparently :-),neutral,google
126487043462266880,But does request desktop site work with hulu?!?!? #ICS #Google,neutral,google
126486616343724032,The lock screen now has facial recognition capability! #Google #Android #ICS,neutral,google
126486384902017024,"here comes facial recognition!  Face unlock 
#icecreamsandwich #googland #google #android #ics",neutral,google
126486348713570304,#Google and #Samsung Reveals Galaxy Nexus Phone http://t.co/REnJ0C0Z #mobile #software #android #mobiledevice,neutral,google
126486111689256960,#Google Google’s Infinite Bookcase: An Abstract Browser For Limitless Libraries http://t.co/MyLzFMRq,neutral,google
126485712836112384,#Samsung and #Google introduce #GALAXY #Nexus http://t.co/2rvF0tZp via @androidcentral #Android,neutral,google
126485684113522689,"""Kanye West has added you to his circles."" yeah, right. #galaxynexus #google #ics",neutral,google
126484162302586880,#google +1 Stickers came with this month's Adsense cheque . http://t.co/AOFYoJmE,neutral,google
126484021369778177,#Android #Google Samsung Galaxy Nexus Gallery http://t.co/wUnmSQL6 #DhilipSiva,neutral,google
126484018211454976,#Android #Google Samsung and Google introduce GALAXY Nexus http://t.co/KkuepMVW #DhilipSiva,neutral,google
126803641486163969,Just participated in another #Microsoft #SQLServer certification test with #TSQL typing instead of multiple choices. Really cool.,positive,microsoft
126792129832951808,#Microsoft #Opens The Door To Two #Spanish #Entrepreneurs With #Medical #Project ! http://t.co/c97sNizT,positive,microsoft
126788430679113728,"#Buffalo, #Intel, #Microsoft, #IBM are the best pavilions at #SMAU",positive,microsoft
126780006964805632,Windows Phone 7.5 Mango Update Process Ahead of Schedule. http://t.co/p1hwo73x  #Microsoft #WindowsPhone #Mango,positive,microsoft
126779403605770241,WP7 is getting there: #Microsoft Claws Back to Smartphone Relevance: Rich Jaroslovsky - Bloomberg http://t.co/JIMML4RC via @BloombergNews,positive,microsoft
126768366345138176,#Microsoft word works on my computer again! Yessss,positive,microsoft
126767508253454336,"In terms of unified communications giants, really surprised to see how underrated #Microsoft is",positive,microsoft
126762337087655936,#Microsoft dishing out free first-gen WP7 handsets at its stores http://t.co/cvfWMvmO,positive,microsoft
126755785391869954,"Will watch this one with interest! RT @RossMistry: #Microsoft Codename ""Data Explorer"" CTP Coming ... http://t.co/kvJSerCj via @scottyd99999",positive,microsoft
126755232393867264,Lunch today: 19.00  Eating it at #Microsoft while attending #VSLive?  Priceless.,positive,microsoft
126754593714606085,"Will watch this one with interest! RT @RossMistry: #Microsoft Codename ""Data Explorer"" CTP Coming Next Month  http://t.co/vpQOyXWa",positive,microsoft
126754500278104064,"""#Microsoft details Search improvements in Windows 8 Start Screen"" http://t.co/Agv49znJ",positive,microsoft
126750973329817601,Mango shows #Microsoft still has the taste for smartphone success http://t.co/AFm8VSMm  #wp7 #mango,positive,microsoft
126748497096622080,Awesome! @TommyLee is moving to #Vancouver as Dev Evangelist for #Microsoft - we finally get a local,positive,microsoft
126748155021762561,Microsoft Stores offer up free Windows Phone 7 devices #microsoft #microsoftstores http://t.co/xoLRaueY #microsoft,positive,microsoft
126748153952206849,Microsoft Stores offer up free Windows Phone 7 devices #microsoft #microsoftstores http://t.co/F4HwAN6Q,positive,microsoft
126747965393084416,Microsoft Stores offer up free Windows Phone 7 devices #microsoft #microsoftstores http://t.co/7YvJMHnQ,positive,microsoft
126747962817781760,Microsoft Stores offer up free Windows Phone 7 devices #microsoft #microsoftstores http://t.co/hJ8qlOC9 #neowin,positive,microsoft
126744770713362432,#Microsoft store here I come to spend my hard earned cash. #vslive,positive,microsoft
126743288320491521,If you didn't know - Free #Microsoft #HTML5 @Webcamps on West Coast MountainView Redmond Portland check them out  http://t.co/L86OWQRE,positive,microsoft
126742063961214976,Hey parents!Did you know about the free tools from #Microsoft that help keep your kids safe online?Live Family Safety http://t.co/5pk1et6r,positive,microsoft
126738939594813440,Awesome! #Microsoft  #holodeck bit.ly/qpGxle,positive,microsoft
126736431929507840,"""#Microsoft details Windows 8 search improvements"" - via @SlashGear http://t.co/JCawWRzQ",positive,microsoft
126734527551913984,"@SmartKeitai Yeah I saw it, @Google is taking seriously what #Microsoft has done with #Metro UI but yeah looks good Android 4.0",positive,microsoft
126732577301217280,Why I love #Microsoft &gt; Microsoft hosting Kids TechFest to encourage careers in tech  http://t.co/fmzFWgYv #babygeeks via @Techflash,positive,microsoft
126732148144209920,Microsoft explains new improvements in Windows 8 Start screen search: http://t.co/pq67GRra #buildingwindows8 @buildwindows8 #tech #microsoft,positive,microsoft
126731873517965313,enjoy  #Microsoft #Search Idea Could Let You Search Like Miley http://t.co/GWOkOCEg great,positive,microsoft
126730153454870529,"#Microsoft Bing is The New King of Search, Tipped #Google Search http://t.co/61OgLIKA",positive,microsoft
126729713568849920,#Microsoft #PowerPivot gives users the power to create compelling self-service #BI solutions. #infinitywebinar,positive,microsoft
126725535677157376,"The Future of #Information: Innovators from #Google, #Microsoft &#Twitter  Nov. 14-18  Info & registration at http://t.co/kJKZ77Zy #UMD",positive,microsoft
126725332031127552,"Another Gem from #Microsoft - Curate your personal history with  ""Project Greenwich"".  Available later this month. http://t.co/KgNrbVgp",positive,microsoft
126716103123673088,Thanks to Steffen Krause #Microsoft for a great SQL Server Session @EuropeanSP.,positive,microsoft
126715314007314434,This is how charity works these days. http://t.co/839klkFH #billgates #philanthropy #microsoft,positive,microsoft
126714241427312641,Ballmer Thinks You Have To Be A Computer Scientist To Use Android http://t.co/VKV2TBcj #tech #microsoft (i agree to some extent),positive,microsoft
126709513947594753,"We have had a great time at #TechEdAfrica thanks to all the sponsors, delegates, #Microsoft and #mimecastsa.",positive,microsoft
126705831126384640,"Validated that #Microsoft #iSCSI target in Win Server 8 works fine with #VMware #vSphere5 / ESXi5, no errors - more: http://t.co/6qnLWFt7",positive,microsoft
126695555685560320,wow - #Microsoft tech turns your body into a touchscreen http://t.co/5hVBC5Bm via @PSFK,positive,microsoft
126693834846515200,Love the #Microsoft campus!  Love the feeling of the mixer building.  Thanks #vslive bringing the conference here!,positive,microsoft
126692533869871106,#microsoft #research shows #Holodesk. Awesome!!! The holodeck is one step closer! bit.ly/pCMJON #kinect /via @dvroegop,positive,microsoft
126689578886246400,"#Microsoft Research shows #Holodesk - looks like science fiction, but is science fact http://t.co/vv6ltkYp",positive,microsoft
126689007512993792,Zune Music arrives in Canada! http://t.co/CJJ12v4I #microsoft #music #news,positive,microsoft
126688284343672832,#Kinect Makes Learning Playful with Help from #SesameStreet and #NationalGeographic #education #microsoft http://t.co/E5uhka8F,positive,microsoft
126685198531297281,Håper #microsoft lager ny releasepartyguide for #mango. #greatsuccess,positive,microsoft
126677986522054657,Hey parents! Did you know about the free tools from #Microsoft that help keep your kids safe online? Live Family Safety http://t.co/muuWbGPn,positive,microsoft
126669652469350401,#Microsoft @ ISB... watching the new windows 8 in action...pretty impressive! Finally a contender to mac os.. Interesting battle in store,positive,microsoft
126668529046007808,#Microsoft tries to combine the #Xbox #WindowsPhone and #PC and all of them will share the same neat looking interface. http://t.co/J332zfpO,positive,microsoft
126665091381854208,Check out the new #Microsoft #faculty fellows here: http://t.co/GCicPEX4 poised to change the world!,positive,microsoft
126663720075141121,I became a #Citizenship #Member at @Microsoft ...Thanks #GOD :) #MSPEgypt #Microsoft,positive,microsoft
126659125751971840,Blog Post: Cool Tool : Microsoft Mouse Without Borders. http://t.co/uM860jFh #Tools #Utilities #microsoft,positive,microsoft
126658961263951873,"Forget Siri, there is still no beating speech commands on @windowsphone: http://t.co/19GAjSGi #wp7 #mango #tellme #microsoft #siri",positive,microsoft
126658937155108866,#Microsoft tests and proves #AppSense enterprise scalability! 78K users on one personalization DB - http://t.co/xtZMPSMT #enterprise,positive,microsoft
126658528965439488,"@RAD_Software Yes good points about #ERP but unfair assessment in saying ""#SAGE, #SAP and #Microsoft Dynamics, are not delivering""",positive,microsoft
126650473322262529,"Good dev opportunities at #Microsoft UX Tour, Helsinki Finland http://t.co/hCKJXz4K",positive,microsoft
126638821948403712,@edbott you have sugar-coated the FSF secure boot reaction. This is blatant anti-#Microsoft propaganda.,positive,microsoft
126637126010929152,V. impressed w/ Image Composite Editor from @MSFTresearch for creating panoramas from individual images. http://t.co/SO7W7spn Tx #Microsoft!,positive,microsoft
126611718376919041,RT @asherCFO: #Yahoo up 4 sale - again! Yrs back #Microsoft almost bought it & now glad it didn't. This could b deal of the year that do ...,positive,microsoft
126610651916410881,#Yahoo up 4 sale - again! Yrs back #Microsoft almost bought it & now glad it didn't. This could b deal of the year that dosent happen!,positive,microsoft
126608712407322624,#Microsoft presents #Omnitouch - http://t.co/ui0aD1FJ - Very impressive and futuristic technology!,positive,microsoft
126605340270788608,"Is #Google Down? http://t.co/wFrzKYsN via @Ejunkie Good for #Bing, #Microsoft ’s investments paying off",positive,microsoft
126603756971360256,"RT @bestpantsTen: http://t.co/P4m8xvaz #iPads less desired than #Windows tablets, says study #Apple #Microsoft #MS",positive,microsoft
126599751402668032,RT @DariuszPorowski: RT Me too! @rem8: On my way home from 1st day of #MTS11. Had great time with @alead @DariuszPorowski and others #mv ...,positive,microsoft
126596256138137600,#mango shows #microsoft still has the taste for smartphone success http://t.co/mAOQaplH,positive,microsoft
126583935139454976,#Microsoft details Search improvements in #Windows 8 Start Screen http://t.co/f6AztiaD,positive,microsoft
126581165636333568,one more picture of the services provided in the #cloud. I am in love with #Microsoft http://t.co/Q0QLeokZ,positive,microsoft
126579574921371648,Windows Runtime and .NET: Better Together http://t.co/z7BBJ1xU #dotnet #dev #WinRT #microsoft,positive,microsoft
126578340902617088,Nice talk by @renatmin #KenyaOpenDoor #microsoft #community,positive,microsoft
